id,mu,phi,beta,tau,S0,V0,modelname
Baudoux34,0.011083685052185571,5.184621254390442e-10,56.90162314109155,0.06895385278831753,1879496.909637889,25875244.5396804,seven_i
