id,mu,phi,beta,tau,S0,V0,modelname
Baudoux3,0.02887540492202733,7.510269066647407e-10,335.95958353553414,16.961908852036057,1400853.1911165754,22571826.820997424,one_i
