id,mu,phi,beta,H0,V0,modelname
Baudoux33,0.012975546034565135,1.446855113404873e-10,324.09978844224685,1499459.471557787,17986770.736864846,zero_i
