id,mu,phi,beta,H0,V0,modelname
Baudoux32,0.02530219334130961,2.237424378935751e-10,201.51603111746786,1172728.7580767195,16266848.011772282,zero_i
