id,mu,phi,beta,tau,S0,V0,modelname
Baudoux32,0.03744245654868977,6.8400760886969515e-09,568.4617894214905,4.5317170241873885,1336621.47127743,26547597.733191334,nine_i
