id,mu,phi,beta,tau,S0,V0,modelname
Baudoux34,0.013306352078577843,6.105363848860059e-10,50.27764651331357,0.39965163531260883,1835737.791768852,26392551.49827669,four_i
