id,mu,phi,beta,tau,S0,V0,modelname
Baudoux34,0.009849192992425544,4.98647827944409e-10,62.05370185358533,0.22299920123032452,1798456.8294488587,29130979.720305387,six_i
