id,mu,phi,beta,tau,S0,V0,modelname
Baudoux33,0.04439117278640809,2.1152850730383715e-08,648.7963817889575,12.458994025408488,1521480.5824113272,22276442.580009446,four_i
