id,mu,phi,beta,tau,S0,V0,modelname
Baudoux33,0.1536439962677478,5.5882132971757556e-08,682.6821768256475,4.396032253995446,1578210.6323525608,25534982.983460788,ten_i
