id,mu,phi,beta,tau,S0,V0,modelname
Baudoux3,0.007547395913138866,1.243681656236677e-10,443.7432868700075,0.17469994512720663,1638242.133809245,25621396.59315829,seven_i
