id,mu,phi,beta,tau,S0,V0,modelname
Baudoux3,0.033092075330231764,1.5822159568774072e-09,375.67392297960714,10.947837111923395,1407504.252401427,22819295.531024437,two_i
