id,mu,phi,beta,tau,S0,V0,modelname
Baudoux3,0.009044455557209246,1.3764802092258753e-10,372.8720791143284,0.056673320521073246,1636993.684721081,23088851.467860702,five_i
