id,mu,phi,beta,tau,S0,V0,modelname
Baudoux32,0.1985473793701206,3.73465692817597e-08,558.5073308058383,6.706315229546366,1229430.4036769941,24714888.01765136,seven_i
