id,mu,phi,beta,tau,S0,V0,modelname
Baudoux32,0.05736881417907743,4.08526389771945e-09,309.1755172649615,8.078319647214057,1107594.310892329,21746591.178753067,four_i
