id,mu,phi,beta,tau,S0,V0,modelname
Baudoux32,0.0855591991097656,2.5432260577933613e-08,610.7310911911278,4.607089404933489,1432152.2991095316,26898706.550184686,ten_i
