id,mu,phi,beta,tau,S0,V0,modelname
Baudoux33,0.1692192824182842,2.5251133714145816e-07,716.4873209564539,8.070338484331907,1589350.2387937342,20220072.04528352,six_i
