id,mu,phi,beta,tau,S0,V0,modelname
Baudoux33,0.058679999815193826,1.526415439712185e-08,685.102254849828,4.661517839788579,1553120.727483178,25670841.907509107,nine_i
