id,mu,phi,beta,tau,S0,V0,modelname
Baudoux33,0.2134728261834652,9.288063667300856e-06,711.2577265983012,6.7690894943503155,1683838.635605835,22105628.023242254,seven_i
