id,mu,phi,beta,tau,S0,V0,modelname
Baudoux32,0.390801547236102,3.5693666735666216e-06,562.7074399073545,8.631814838390904,1574878.2093983367,23044351.076042354,six_i
