id,mu,phi,beta,tau,S0,V0,modelname
Baudoux33,0.018958197431977474,7.104348443197893e-10,409.1838365164917,23.631768016604198,1338658.7720738263,16185916.383361423,one_i
