id,mu,phi,beta,tau,S0,V0,modelname
Baudoux34,0.015429027683129289,5.620208683925392e-10,55.50173625128254,0.08453574520737295,1739698.4305922338,26267490.0770002,ten_i
