id,mu,phi,beta,tau,S0,V0,modelname
Baudoux34,0.12661486990563836,9.261923532557142e-09,48.740445208914714,22.445595864868178,1517776.2095380344,23069093.970111847,one_i
