id,mu,phi,beta,tau,S0,V0,modelname
Baudoux32,0.011921259311425314,9.710814745597269e-10,535.7209145472707,8.799082185821788,1311698.7009595435,20002139.31957645,three_i
