id,mu,phi,beta,tau,S0,V0,modelname
Baudoux3,0.04255161957587056,3.2511887658163474e-09,501.2028178474832,9.51234391722437,1302888.2346929905,25994361.98296934,three_i
