id,mu,phi,beta,H0,V0,modelname
Baudoux34,0.0066322029016208225,4.5837210255559057e-10,65.3881014566956,1979959.669006112,24295082.609973934,zero_i
