id,mu,phi,beta,tau,S0,V0,modelname
Baudoux34,0.12544067626153582,4.3470184786211025e-06,104.14969403405986,4.637867825170504,1706509.9747291529,40710258.963649504,nine_i
