id,mu,phi,beta,tau,S0,V0,modelname
Baudoux33,0.009693179572506715,1.185073296092854e-10,458.5337129218146,0.03414075096324056,1406993.1293635292,17505160.411114477,eight_i
