id,mu,phi,beta,tau,S0,V0,modelname
Baudoux33,0.009874013344526185,1.4417340586779283e-10,357.6016351637063,0.30636466980031063,1590695.1373317828,17891143.590717223,three_i
