id,mu,phi,beta,tau,S0,V0,modelname
Baudoux34,0.12776197422658903,2.2036960134286752e-08,85.4861892947787,10.440401871162933,1697860.7079097172,25802269.996499754,three_i
