id,mu,phi,beta,tau,S0,V0,modelname
Baudoux34,0.07662763192018704,1.185842820152809e-08,72.97354228824413,13.240414454888015,1708132.5560958183,21739265.768675383,two_i
