id,mu,phi,beta,tau,S0,V0,modelname
Baudoux32,0.058117260829601315,8.130080402273206e-09,495.09124737770594,5.086435193140472,1259407.2595589124,25712428.879285306,eight_i
