id,mu,phi,beta,tau,S0,V0,modelname
Baudoux3,0.08039609593353225,1.1598417625927839e-08,482.11957841412254,8.679367234178825,1396586.85536085,24791568.122073594,four_i
