id,mu,phi,beta,tau,S0,V0,modelname
Baudoux32,0.011128338184229876,1.879056218352484e-10,327.6470525001923,1.2629151798960927,1365687.045007244,16657456.48764451,two_i
