id,mu,phi,beta,tau,S0,V0,modelname
Baudoux32,0.054396162569857916,4.421531406578228e-08,543.7665001903996,10.42385565015669,1438297.5999776225,23002736.083911583,five_i
