id,mu,phi,beta,tau,S0,V0,modelname
Baudoux33,0.2853033842132361,2.7628587919951086e-07,610.4185394529998,9.638088829510671,1563384.6199479715,19323509.673519623,five_i
