id,mu,phi,beta,tau,S0,V0,modelname
Baudoux3,0.007058810598640594,1.3792512026895e-10,472.8610572257193,0.21994694909342785,1616862.1396322523,24794683.680923812,ten_i
