id,mu,phi,beta,tau,S0,V0,modelname
Baudoux3,1.3552923137214186,3.7023708860382177e-07,655.8991932277976,4.427143095563852,1634739.3687562526,30587898.084330935,nine_i
