id,mu,phi,beta,H0,V0,modelname
Baudoux3,0.017781570575389073,1.5045179053392536e-10,335.4779038143753,1442147.0097529113,24984183.277580727,zero_i
