id,mu,phi,beta,tau,S0,V0,modelname
Baudoux33,0.013283045691486202,1.5599119689036136e-09,531.908585753866,15.28052948842968,1454040.8141589994,16111252.818658974,two_i
