id,mu,phi,beta,tau,S0,V0,modelname
Baudoux3,0.6270983632342092,1.2486568391658136e-07,626.1364376788201,4.913296058976111,1605085.7050690155,33286694.777278803,eight_i
