id,mu,phi,beta,tau,S0,V0,modelname
Baudoux34,0.009593787723749952,4.933653742976508e-10,64.93235774951671,0.06316325737877826,1826542.1856999544,24159322.5025286,eight_i
