id,mu,phi,beta,tau,S0,V0,modelname
Baudoux3,0.07017408397429212,3.201601523892339e-08,597.2916729758085,6.40218574369626,1722251.4156616956,29658320.44625854,six_i
