id,mu,phi,beta,tau,S0,V0,modelname
Baudoux32,0.015054136640519074,4.0365444671042473e-10,331.332033533828,12.583680960409337,1304963.2790291077,16440629.12539064,one_i
