id,mu,phi,beta,tau,S0,V0,modelname
Baudoux34,0.0954928543345199,3.465874522656803e-08,107.79565501472284,7.164415556391199,1700143.222712197,29395351.07886231,five_i
