id,mu,phi,beta,tau,S0,V0,modelname
Castberg24,0.02480371544482668,4.813998486554145e-10,322.3959893184039,0.28319376045002076,176577.4967836501,15848921.98006587,five_i
