id,mu,phi,beta,tau,S0,V0,modelname
Castberg24,0.05448817205340114,1.9118419848642476e-09,56.71463762414316,0.8601047476576894,143740.4219393055,18409305.14414094,seven_i
