id,mu,phi,beta,tau,S0,V0,modelname
Castberg24,0.03525207797367879,7.922625675390627e-10,142.2525311721594,0.19861211715432028,156515.21701679387,17066539.028651565,nine_i
