id,mu,phi,beta,tau,S0,V0,modelname
Castberg24,0.03160991377966932,7.709440800685588e-10,196.80199972899229,1.1806483103023282,160871.19271824395,16138076.470520029,three_i
