id,mu,phi,beta,tau,S0,V0,modelname
Castberg24,0.17496444612727843,6.619826529282343e-09,4.323208932369635,0.08994065376158725,153491.83365600414,22525634.71558093,six_i
