id,mu,phi,beta,tau,S0,V0,modelname
Castberg24,0.05413669483715777,5.1020208546832964e-09,514.2935863413286,75.59979118165793,154544.25496319044,14233266.100393377,one_i
