id,mu,phi,beta,H0,V0,modelname
Castberg24,0.042642242162684925,1.1728365878434475e-09,65.81671117846429,175106.62931794304,18866332.687047746,zero_i
