id,mu,phi,beta,tau,S0,V0,modelname
Castberg24,0.03653977405788091,1.0160588888256446e-09,95.16932715521912,0.15105224314520554,168296.9081341216,16847229.572710667,ten_i
