id,mu,phi,beta,tau,S0,V0,modelname
Castberg24,0.02844683251120308,4.5872850850198905e-10,346.99230982523267,0.42591084785216776,156391.74449263775,15337329.104505334,four_i
