id,mu,phi,beta,tau,S0,V0,modelname
Castberg24,0.03670526846251405,8.506993862495548e-10,123.81218426153038,0.06878120076084804,160451.06860052387,16110391.842567554,eight_i
