id,mu,phi,beta,tau,S0,V0,modelname
Castberg24,0.03164177696386822,6.817122975566083e-10,188.63146908812456,0.1983016240142277,166103.6692643312,14669247.337846132,two_i
