id,mu,phi,beta,tau,S0,V0,modelname
Eissler40,0.017559029099673624,9.969762027709248e-09,13.130990283506415,15.890551625679647,4097138.176322961,11618454.92655429,two_i
