id,mu,phi,beta,tau,S0,V0,modelname
Eissler40,0.0037826336127684042,1.0944117530760602e-09,13.604676693974,1.112455817370101,4464540.533566755,9424058.545170836,four_i
