id,mu,phi,beta,tau,S0,V0,modelname
Eissler40,0.005448220054309947,1.0221213811321612e-09,12.859289434767037,1.9308183326363055,4342968.802575338,9252143.620154468,one_i
