id,mu,phi,beta,tau,S0,V0,modelname
Eissler40,0.017121935882350173,4.597425860166172e-08,21.76159450942466,5.8935759809897235,3654921.292953858,15458735.529142445,eight_i
