id,mu,phi,beta,tau,S0,V0,modelname
Eissler40,0.0024004927946151143,1.0060865715001553e-09,14.321713682743155,0.3708616513219426,4541797.149439588,9135817.524763534,nine_i
