id,mu,phi,beta,tau,S0,V0,modelname
Eissler40,0.013098557727942332,1.2196076203046991e-08,15.306218109705089,12.329784462674633,4025037.209005034,13296661.68674294,three_i
