id,mu,phi,beta,tau,S0,V0,modelname
Eissler40,0.05799865049426292,1.1330936358679211e-07,21.369482027225832,6.723876994093989,3765264.84513618,15558978.057373188,seven_i
