id,mu,phi,beta,tau,S0,V0,modelname
Eissler40,0.0032706863162833806,1.2265852870858989e-09,16.965256709273607,2.186685926711854,3931843.919134532,11636996.256187508,five_i
