id,mu,phi,beta,tau,S0,V0,modelname
Eissler40,0.011754574799308876,1.6428982308556327e-08,19.831418473470055,7.25924568868147,3744080.051783821,15275897.268787159,six_i
