id,mu,phi,beta,tau,S0,V0,modelname
Eissler40,0.0015362621628403556,9.703136371199323e-10,14.276524252029786,0.2929535919224236,4601140.15692573,9183791.60272482,ten_i
