id,mu,phi,beta,H0,V0,modelname
Eissler40,0.009718853412781326,1.1182156673144713e-09,11.020128716237412,4300646.0758637125,8059631.618683766,zero_i
