id,mu,phi,beta,tau,S0,V0,modelname
Gao41,0.023745186549312878,7.747313477342861e-10,74.75020155502347,0.08268549063882008,568595.3223992281,258491.39745464345,seven_i
