id,mu,phi,beta,tau,S0,V0,modelname
Gao41,0.021969834470587035,7.539508095828012e-09,110.65837038442345,2.6276383731073722,649432.5699459008,255802.7411123877,ten_i
