id,mu,phi,beta,tau,S0,V0,modelname
Gao41,0.024604782097791055,2.4610912207478717e-09,83.7376659153567,2.908625726754257,660712.1448438903,253845.0297194663,five_i
