id,mu,phi,beta,H0,V0,modelname
Gao41,0.026283685836978987,8.292609479440056e-10,59.33238426677983,559633.2722861618,262344.3839630926,zero_i
