id,mu,phi,beta,tau,S0,V0,modelname
Gao41,0.01947622848219273,3.01521113513092e-09,131.5942703265494,2.1659309750650153,686916.9642810612,257277.1538696743,nine_i
