id,mu,phi,beta,tau,S0,V0,modelname
Gao41,0.02194565001732841,2.2413041666225743e-09,86.84773941166516,3.197996481054097,612943.3304015506,215802.5874720967,four_i
