id,mu,phi,beta,tau,S0,V0,modelname
Gao41,0.019447119876151726,2.627922342120667e-09,102.73353899832377,2.676644372002562,699853.3901129017,225952.04543407046,six_i
