id,mu,phi,beta,tau,S0,V0,modelname
Gao41,0.02180419974738731,1.4493435503429987e-09,86.033710285449,3.0658076270257313,671314.5575388332,230057.61553434242,three_i
