id,mu,phi,beta,tau,S0,V0,modelname
Gao41,0.01975625256318379,4.258334968705031e-09,98.01936696694239,2.5642626528742043,701441.4248784028,243283.25436316637,eight_i
