id,mu,phi,beta,tau,S0,V0,modelname
Gao41,0.0238011975851196,1.628832730735429e-09,69.65936987534245,4.191148696789904,618537.9378634016,247386.5967919104,two_i
