id,mu,phi,beta,tau,S0,V0,modelname
Johannessen70,0.015344258852558903,2.3896448313833458e-08,57.354739597099304,6.056883748145009,233015.99697377518,10473544.061383367,six_i
