id,mu,phi,beta,tau,S0,V0,modelname
Johannessen70,0.05728335965076584,6.5986364645921335e-09,15.898053014501212,0.3256609405422729,220790.36758300554,8828790.054495433,nine_i
