id,mu,phi,beta,tau,S0,V0,modelname
Johannessen69,0.17886175986577915,7.957568180381865e-09,199.25262156194185,1.1582891503009833,262376.76687315037,22066658.204161935,seven_i
