id,mu,phi,beta,tau,S0,V0,modelname
Johannessen70,0.010688716997217245,3.683170775671929e-09,34.494407084383546,6.011875322918982,251393.84177752436,10204011.787978107,two_i
