id,mu,phi,beta,tau,S0,V0,modelname
Johannessen70,0.18515662441010067,5.878760452299569e-07,61.48332511090987,9.846747000688385,257436.7081824273,9651463.535855763,four_i
