id,mu,phi,beta,tau,S0,V0,modelname
Johannessen68,0.08319603689017933,1.425948847020685e-09,23.487302966260604,4.575196042139172,208171.43485432773,137290282.28056362,four_i
