id,mu,phi,beta,tau,S0,V0,modelname
Johannessen68,0.12112872721426275,4.63630555301578e-09,30.446095940841836,3.660791087870672,221586.33828646323,141795585.639421,eight_i
