id,mu,phi,beta,tau,S0,V0,modelname
Johannessen68,0.4060924092542858,1.0989187579045782e-08,62.2143871539724,4.13082463339292,208504.94313846994,136201968.77805254,seven_i
