id,mu,phi,beta,tau,S0,V0,modelname
Johannessen70,0.13455732055775785,2.1545816325850308e-07,72.2271445292416,5.793787553151695,226184.7717306492,10556853.950317422,seven_i
