id,mu,phi,beta,tau,S0,V0,modelname
Johannessen70,0.1607133442190832,4.293084099643029e-08,23.073662227605755,28.20666510292146,224821.19834745632,8998049.597446134,one_i
