id,mu,phi,beta,H0,V0,modelname
Johannessen70,0.05558961722107907,6.207903541801287e-09,11.795397138011092,263589.7535512722,8868765.805307578,zero_i
