id,mu,phi,beta,tau,S0,V0,modelname
Johannessen70,0.007940013101366257,3.7858710105033634e-09,22.54718322930897,1.4912952835678006,236275.01327657214,10734020.670319866,ten_i
