id,mu,phi,beta,tau,S0,V0,modelname
Johannessen70,0.004313194083816705,3.440405388990016e-09,13.297356994168023,2.690758587195719,261322.68667579457,11288142.987670664,five_i
