id,mu,phi,beta,tau,S0,V0,modelname
Johannessen68,0.06456367855853704,1.5418957737866014e-09,5.14245823115466,3.887943904366858,214146.87504567087,144138134.64808157,six_i
