id,mu,phi,beta,tau,S0,V0,modelname
Johannessen69,0.05838151284881397,2.9717162992849274e-09,429.5808685892405,0.6345319766940549,326090.42847005994,19412646.129443675,ten_i
