id,mu,phi,beta,tau,S0,V0,modelname
Johannessen70,0.011155326249639231,4.719759578733471e-09,24.583599944422932,2.0580878850873376,253003.49323040538,10668815.952769563,eight_i
