id,mu,phi,beta,tau,S0,V0,modelname
Johannessen69,0.08732141215232532,3.977771207226423e-09,305.216924553452,1.0384400821071078,295663.94634293334,18832951.95842449,six_i
