id,mu,phi,beta,tau,S0,V0,modelname
Johannessen69,0.1513778551967355,2.808214200767061e-09,149.6497359125997,1.6569358760941946,245274.0052544566,18028518.40522294,one_i
