id,mu,phi,beta,tau,S0,V0,modelname
Johannessen68,0.25655236812116194,1.950552183139178e-09,32.34664788424459,0.1242660746026674,226463.2084305358,111549457.35885835,one_i
