id,mu,phi,beta,tau,S0,V0,modelname
Johannessen68,0.05474486442611099,1.5086112649580352e-09,132.14403084811647,2.5866871542730614,217878.1519764595,128708114.14035937,nine_i
