id,mu,phi,beta,tau,S0,V0,modelname
Johannessen68,0.002977915100585668,5.637843610287382e-10,4.3952135371719985,5.737235173115629,273224.2076086909,145145765.773392,three_i
