id,mu,phi,beta,tau,S0,V0,modelname
Johannessen69,0.14945649088406565,3.995082880281628e-09,115.0317170080485,0.3661168595983601,284710.2670560266,20344281.886431232,nine_i
