id,mu,phi,beta,tau,S0,V0,modelname
Johannessen69,0.09191886030599726,3.174148686731954e-09,321.8809446489062,1.0247399365138703,286694.8692587319,17666404.399906393,five_i
