id,mu,phi,beta,tau,S0,V0,modelname
Johannessen68,0.17294181419148713,5.705993861481251e-09,7.055915780530242,2.987798777195863,210395.7250581018,143613250.23489514,ten_i
