id,mu,phi,beta,tau,S0,V0,modelname
Johannessen69,0.08638446252378784,3.694367490705952e-09,230.30993363689797,1.3374930892415247,382243.4894273487,18812805.3065863,four_i
