id,mu,phi,beta,tau,S0,V0,modelname
Johannessen68,0.027607671838044034,1.0440019779873375e-09,102.51193751333317,3.8466959378341796,250336.02905797167,128077808.63854417,five_i
