id,mu,phi,beta,H0,V0,modelname
Johannessen68,0.32897587307263576,2.4981215943908975e-09,20.668223865699712,223519.92511759177,114275071.86697134,zero_i
