id,mu,phi,beta,tau,S0,V0,modelname
Johannessen69,0.09384962865128801,2.366440332450092e-09,254.7538048159263,0.9003819616390027,288914.3724016355,16434786.64787179,three_i
