id,mu,phi,beta,H0,V0,modelname
Johannessen69,0.18242771600515717,2.6268205077021103e-09,99.41089734489832,220985.60764402413,17705418.836663757,zero_i
