id,mu,phi,beta,tau,S0,V0,modelname
Johannessen69,0.35628888385484875,2.312936399875351e-08,151.54172589796556,1.412741748880329,310807.72912579187,22827119.520836167,eight_i
