id,mu,phi,beta,tau,S0,V0,modelname
Johannessen70,0.03839467450670852,4.925534131262051e-09,17.997770908971972,0.5065639191427795,253962.65621622145,8854509.785240047,three_i
