id,mu,phi,beta,tau,S0,V0,modelname
Johannessen69,0.13637211776685773,3.3410328170154295e-09,167.83558357116743,1.5155337916288896,264391.1634852593,18745030.685617957,two_i
