id,mu,phi,beta,tau,S0,V0,modelname
Kim52,0.015331132807602506,5.731926619008417e-07,4.7145494855152545,9.377106141067229,65305.28058525043,9504.717407980126,two_i
