id,mu,phi,beta,tau,S0,V0,modelname
Kim52,0.005677935292486868,2.0232976966650452e-07,7.529657061967207,1.5218405530400207,66612.66517552832,9721.187077676292,eight_i
