id,mu,phi,beta,tau,S0,V0,modelname
Kim52,0.011427092976320108,1.1395264559940465e-06,5.9204218999411875,7.518677857351353,73210.39150015397,11745.01259779099,four_i
