id,mu,phi,beta,tau,S0,V0,modelname
Kim52,0.004102668573322638,1.0907466261036912e-06,10.190280498681163,4.194368469599014,72709.28720932853,12016.365063888108,nine_i
