id,mu,phi,beta,tau,S0,V0,modelname
Kim52,0.019896577090717855,1.3612835860743665e-06,4.380080205104649,8.571814498231603,67709.64531968888,11517.576976550816,three_i
