id,mu,phi,beta,tau,S0,V0,modelname
Kim52,0.0026195835918306483,5.174750631521423e-07,9.681076747355927,4.978936007215354,80705.56914500451,10749.019705340652,six_i
