id,mu,phi,beta,tau,S0,V0,modelname
Kim52,0.02400065507532107,5.211921890975807e-07,3.1599105555919698,11.498905578702187,59446.68330931076,9525.372809360528,one_i
