id,mu,phi,beta,tau,S0,V0,modelname
Kim52,0.011301104285473368,1.547450155252136e-06,6.416701071812426,6.816656297992558,76481.73168656709,13659.453087803748,five_i
