id,mu,phi,beta,tau,S0,V0,modelname
Kim52,0.006182713103363373,1.5235293739722507e-06,8.60126874372371,5.550827084386271,77282.90302654596,14313.43801317564,seven_i
