id,mu,phi,beta,tau,S0,V0,modelname
Kim52,0.0002804566974009437,2.4538529796823932e-08,63.742901567317,0.11409548250727025,37813.66934624041,7951.551309107057,ten_i
