id,mu,phi,beta,H0,V0,modelname
Kim52,0.016060834277424347,1.3738364311854698e-07,5.646172198634899,47299.11631896257,7174.461468102444,zero_i
