id,mu,phi,beta,tau,S0,V0,modelname
Kim71,0.05222850918712987,5.7893222007784635e-08,1195.292982828332,3.2732710235157834,725.0756408318292,233869.2891415987,two_i
