id,mu,phi,beta,tau,S0,V0,modelname
Kim72,0.0936975643464401,2.1725215251637645e-07,3.635290939024337,1.840393391420883,53450.64472343025,79922.97367496644,one_i
