id,mu,phi,beta,tau,S0,V0,modelname
Kim71,0.040830563975607075,6.715393781302722e-08,1550.330814250239,1.101074017119789,880.3372582128736,232217.8174368574,ten_i
