id,mu,phi,beta,tau,S0,V0,modelname
Kim71,0.05395596001895582,5.4948489992296005e-08,838.2610762589803,0.41813530629861606,746.2666658410436,225071.14216554444,eight_i
