id,mu,phi,beta,tau,S0,V0,modelname
Kim71,0.04032645827119914,4.400687104944647e-08,1202.319061245953,0.6347222631483875,954.3485682553547,219173.12052094185,seven_i
