id,mu,phi,beta,tau,S0,V0,modelname
Kim72,0.015513779211921715,1.5847071008436742e-07,7.928869738834964,2.9612450360874636,171480.87870701353,83100.8505781562,two_i
