id,mu,phi,beta,tau,S0,V0,modelname
Kim71,0.05965935370055119,4.770319427017569e-08,734.6058603967161,0.15307503291652325,671.881823529044,236924.01641160887,five_i
