id,mu,phi,beta,tau,S0,V0,modelname
Kim72,0.09944836835512795,2.701025902130596e-07,3.3945428094184047,0.7891272689983325,64515.96736984868,131752.9784085084,five_i
