id,mu,phi,beta,tau,S0,V0,modelname
Kim72,0.12862817034831697,3.7116189478972385e-07,2.147241455013569,1.05484277063961,69667.8666501004,157669.5495077215,three_i
