id,mu,phi,beta,tau,S0,V0,modelname
Kim71,0.059432003120564396,4.9470077933709604e-08,672.261962353662,0.06554297748857195,731.983315375571,230807.15206488592,six_i
