id,mu,phi,beta,tau,S0,V0,modelname
Kim71,0.3473801354241582,1.9623849130873023e-06,1687.2860302801653,4.411938265791213,884.9306939246937,271328.5225095768,nine_i
