id,mu,phi,beta,tau,S0,V0,modelname
Kim72,0.12230418360346869,2.1887942219946684e-07,2.570187510361319,0.03557419123328145,35493.848714171785,95753.816713443,four_i
