id,mu,phi,beta,tau,S0,V0,modelname
Kim72,0.09626300510099713,2.6626582008281345e-07,3.183659779165765,0.497516392764416,65615.85754805636,105798.48921457038,six_i
