id,mu,phi,beta,H0,V0,modelname
Kim71,0.061795276611920955,5.020427506930343e-08,631.6540712067258,696.4142330498686,213872.2893918835,zero_i
