id,mu,phi,beta,tau,S0,V0,modelname
Kim72,0.0905646771397087,2.7828349776057974e-07,3.6244220996451464,0.44402420980362756,68404.38145491561,123110.35910495394,ten_i
