id,mu,phi,beta,tau,S0,V0,modelname
Kim71,0.09240964851937652,1.20305966947533e-07,292.98777387804137,1.4283736616825127,679.7472461637622,334342.443458225,four_i
