id,mu,phi,beta,H0,V0,modelname
Kim72,0.1268389096651282,2.297990708624185e-07,2.3606632661667377,37724.04305764068,97165.21936369226,zero_i
