id,mu,phi,beta,tau,S0,V0,modelname
Kim72,0.092564108163966,3.2593109148060543e-07,3.1183153067262492,0.6526453566974864,75328.22079516201,119847.12882446167,seven_i
