id,mu,phi,beta,tau,S0,V0,modelname
Kim72,0.030796143572811987,2.387111464011517e-07,7.379637671569984,1.0284426869830274,122580.05001232149,116042.59528733684,nine_i
