id,mu,phi,beta,tau,S0,V0,modelname
Kim72,0.09918096418297614,2.9594007779849526e-07,3.1995459257535313,0.5646380615404822,68462.65829959937,146178.48075244797,eight_i
