id,mu,phi,beta,tau,S0,V0,modelname
Kim71,0.061665971429027154,5.371113522849815e-08,666.7927156038922,0.9445543216634054,683.9613176703625,226959.2230724185,one_i
