id,mu,phi,beta,tau,S0,V0,modelname
Kim71,0.05261855261042648,5.114452352854981e-08,882.9205689440122,0.9996980703395849,760.5880921376547,216179.02929515604,three_i
