id,mu,phi,beta,H0,V0,modelname
Kimura66,0.008754937588362348,1.547269252489482e-10,792.3543510134965,117497.20135003279,1058738.2559309849,zero_i
