id,mu,phi,beta,H0,V0,modelname
Kimura54,0.012668429031196825,1.293625654115983e-08,28.776882181018173,699580.3132999638,21566.723706187408,zero_i
