id,mu,phi,beta,tau,S0,V0,modelname
Kimura67,0.008508174205619425,2.240014563880198e-08,335.6538127976191,13.264083037056178,2036542.1241546264,1342934.2371147617,seven_i
