id,mu,phi,beta,tau,S0,V0,modelname
Kimura66,0.1259560259728998,1.6188993610687193e-07,1486.3111270737838,16.94077701499626,18276.292682008516,501059.6807339291,seven_i
