id,mu,phi,beta,tau,S0,V0,modelname
Kimura66,0.14913980778622696,1.924593371920857e-07,277.2039369809495,16.343381281812597,24911.466076751734,549900.2433128395,six_i
