id,mu,phi,beta,tau,S0,V0,modelname
Kimura66,0.12030114413411272,1.6125951921351276e-07,1941.3152612466022,12.078278121572064,25605.1118462809,590770.461707895,ten_i
