id,mu,phi,beta,tau,S0,V0,modelname
Kimura67,0.009423641676075739,3.404628761948183e-08,429.99618547419027,12.576456215532303,1625844.7995482853,1418550.1367211875,eight_i
