id,mu,phi,beta,tau,S0,V0,modelname
Kimura67,0.010820985463959444,4.011153714324231e-08,386.716503319754,10.306133605528002,1927616.79449127,1813381.470720777,ten_i
