id,mu,phi,beta,H0,V0,modelname
Kimura67,0.0007100186785419532,5.839675155816839e-11,366.170784994342,2273117.1083118403,1067153.226480744,zero_i
