id,mu,phi,beta,tau,S0,V0,modelname
Kimura54,0.01323054724068859,5.079767726675838e-07,40.30547675563425,1.2570993183181212,740152.7828007373,26775.375852667035,nine_i
