id,mu,phi,beta,tau,S0,V0,modelname
Kimura54,0.018747833744022866,7.811511790876323e-07,26.93888071441256,1.7865247343389326,856030.0727942351,24750.25035626818,six_i
