id,mu,phi,beta,tau,S0,V0,modelname
Kimura66,0.10059207884850781,9.326936952143842e-08,1230.7017630387668,13.498517061177353,24556.472840972492,606192.854252405,eight_i
