id,mu,phi,beta,tau,S0,V0,modelname
Kimura67,0.006897781646815825,1.4393703490785788e-08,310.81182508211185,17.467622597523874,2001290.8322381133,1075157.160117736,five_i
