id,mu,phi,beta,tau,S0,V0,modelname
Kimura54,0.006359397201874852,1.1850414678816608e-08,41.045874013913185,0.0975252697844379,710085.6174853073,20920.008952537573,eight_i
