id,mu,phi,beta,tau,S0,V0,modelname
Kimura54,0.009953348201693829,1.2960133652333386e-08,42.079865427851274,0.1567132475401646,705305.3013289282,26826.231026081354,ten_i
