id,mu,phi,beta,tau,S0,V0,modelname
Kimura54,0.014149115257322438,8.283076620004464e-08,24.518168015091184,3.1078714417560653,823641.4300115291,20024.20193802187,two_i
