id,mu,phi,beta,tau,S0,V0,modelname
Kimura66,0.0987556981261353,8.921253253005199e-08,877.8489095424512,11.536746876368563,24583.480420608248,639690.8775879748,nine_i
