id,mu,phi,beta,tau,S0,V0,modelname
Kimura67,0.012236213325917763,3.127158683121433e-08,400.82882691502397,11.047498519235841,1767249.1057011993,1668663.8047542307,nine_i
