id,mu,phi,beta,tau,S0,V0,modelname
Kimura67,0.008825762626336699,6.468885640949924e-10,198.6921205564926,37.70786455919974,1966348.4480506137,612990.2244464608,one_i
