id,mu,phi,beta,tau,S0,V0,modelname
Kimura67,0.008946425111793,1.7765886390556655e-09,249.38526032737883,28.291920720272003,1826080.9135171692,658672.1449944419,two_i
