id,mu,phi,beta,tau,S0,V0,modelname
Kimura67,0.006972574168080547,3.1329502885115214e-09,311.7680061886246,22.234554098140695,1909225.222528986,718663.1161624397,three_i
