id,mu,phi,beta,tau,S0,V0,modelname
Kimura67,0.006484744772700264,9.335055947155484e-09,297.7768801166755,20.10896282749933,2054407.9835026187,734129.8397799243,four_i
