id,mu,phi,beta,tau,S0,V0,modelname
Kimura54,0.03898451375860793,6.275483945892783e-08,15.034638691388787,3.978334904255495,745054.7345163386,21434.5945766292,one_i
