id,mu,phi,beta,tau,S0,V0,modelname
Kimura67,0.007968492121380347,1.7105183078899612e-08,359.34041473269195,15.144804076829214,1929535.3472297979,1223685.1142992012,six_i
