id,mu,phi,beta,tau,S0,V0,modelname
Kimura54,0.01652030564558469,4.2431570903878826e-07,23.655810610631896,2.5155962861199064,800354.0512576469,27377.45517308899,four_i
