id,mu,phi,beta,tau,S0,V0,modelname
Kimura54,0.010489450791241547,1.5123001487874255e-08,26.131858496318067,0.0422461898746098,746485.4389700427,19466.300735527948,seven_i
