id,mu,phi,beta,tau,S0,V0,modelname
Kimura54,0.0209873279041311,1.480269754945511e-05,29.38266271273802,2.4582939623825415,843747.4943577076,29207.238196473856,five_i
