id,mu,phi,beta,tau,S0,V0,modelname
Kimura66,0.08617627820724694,1.6598355607105424e-08,360.6208536875649,98.58274283129609,14638.003984012497,323779.42263476516,one_i
