id,mu,phi,beta,tau,S0,V0,modelname
Kimura54,0.010270010882447186,1.4726917195926733e-07,27.217886753671532,2.706003660858169,825248.3519401834,24349.279674426492,three_i
