id,mu,phi,beta,tau,S0,V0,modelname
Kranzler2021,0.3551083468763394,4.579234570537997e-07,14522.105510746362,7.921311524310944,1851436.0043734596,5867133.262568583,ten_i
