id,mu,phi,beta,tau,S0,V0,modelname
Kranzler2021,0.1949709943939127,1.5667810640749565e-08,1831.0098011196383,7.919945102914635,537713.4794456818,7106286.472048812,seven_i
