id,mu,phi,beta,tau,S0,V0,modelname
Kranzler2021,0.019872263058139435,5.2565137666647044e-11,443.992830809508,0.3930449239799506,741827.2551098418,20064716.791514672,nine_i
