id,mu,phi,beta,tau,S0,V0,modelname
Kranzler2021,0.13904979026298883,2.4222427624296453e-09,846.9551208549341,9.31591774964159,386763.11912824155,5984721.502257146,four_i
