id,mu,phi,beta,H0,V0,modelname
Kranzler2021,0.03659227754256505,1.4365533686422116e-10,60.09098141187022,662843.9571109817,28001480.05326357,zero_i
