id,mu,phi,beta,tau,S0,V0,modelname
Kranzler2021,0.7468461375474024,4.835849777773407e-09,167.38156411975987,15.301995648785137,556089.3325368159,7128404.839991826,one_i
