id,mu,phi,beta,tau,S0,V0,modelname
Kranzler2021,0.1189032953528194,3.218799832368327e-10,469.52508415202294,10.65166278060603,413244.64176610287,6888795.778203857,two_i
