id,mu,phi,beta,tau,S0,V0,modelname
Kranzler2021,0.12848338956082972,2.394971986814637e-09,1456.1742548690002,8.561433649326364,498474.96862925537,7063672.310619166,five_i
