id,mu,phi,beta,tau,S0,V0,modelname
Kranzler2021,0.0228805378418291,5.322418593295054e-11,345.54658026306436,0.05985993869407718,725631.0705582282,19891043.416620377,eight_i
