id,mu,phi,beta,tau,S0,V0,modelname
Kranzler2021,0.022851643622193808,5.589114116562312e-11,298.73189639621467,0.29977205209444346,859463.0992509758,21707427.626236122,three_i
