id,mu,phi,beta,tau,S0,V0,modelname
Kranzler2021,0.15291119540249015,6.03007556241127e-09,1086.6816986332426,8.028104208446589,526799.520459103,7550342.218897104,six_i
