id,mu,phi,beta,tau,S0,V0,modelname
Maat2016a,0.03827601067894521,1.9970554117809347e-07,2158.1845229813857,5.911081185895449,135397.88854389277,6778667.119356332,six_i
