id,mu,phi,beta,tau,S0,V0,modelname
Maat2016b,0.012788548476662411,1.429740308499087e-09,178.77649215780647,0.08674323227622889,692512.3757766753,4282286.936626679,eight_i
