id,mu,phi,beta,tau,S0,V0,modelname
Maat2016b,0.019500626127498012,1.5986873852550291e-09,135.18646933841282,0.04793393168719379,714999.0379060874,4399887.576675218,five_i
