id,mu,phi,beta,tau,S0,V0,modelname
Maat2016a,0.014591498540785862,3.998604263988108e-09,875.1218159384913,12.272328396697477,164809.6551687596,4897651.241077331,one_i
