id,mu,phi,beta,tau,S0,V0,modelname
Maat2016b,0.014531641472504282,1.5357560701822595e-09,162.68352796182145,0.3125158340447311,706342.6034648857,4562263.111820603,three_i
