id,mu,phi,beta,tau,S0,V0,modelname
Maat2016b,0.020470676434490388,1.6749425447562876e-09,141.68546656107534,0.10991991797573311,690872.1737271163,5112231.922743076,ten_i
