id,mu,phi,beta,H0,V0,modelname
Maat2016b,0.02439779411513493,1.6700268195918906e-09,115.44925648837186,743183.8787937992,4224526.671197943,zero_i
