id,mu,phi,beta,tau,S0,V0,modelname
Maat2016a,0.002906996219160319,7.404007702643459e-10,841.0906888737413,0.03909384769004464,158144.2701492084,7212253.405265583,nine_i
