id,mu,phi,beta,tau,S0,V0,modelname
Maat2016a,0.11226697866949006,4.882132068833712e-07,892.4760989782442,9.172599462948297,156904.81584866,5346735.016268639,three_i
