id,mu,phi,beta,tau,S0,V0,modelname
Maat2016a,0.0034968996038987838,7.712163973108555e-10,726.7517052331091,0.039488776316549914,165767.62539545583,8549455.90955578,eight_i
