id,mu,phi,beta,tau,S0,V0,modelname
Maat2016a,0.0016940536824810793,7.445899003779757e-10,813.9444378721147,0.12161688248349276,161347.0295414549,7408692.640480251,four_i
