id,mu,phi,beta,H0,V0,modelname
Maat2016a,0.004052162199925916,8.390506654586966e-10,662.3372071482515,158755.04768020913,8099393.656876706,zero_i
