id,mu,phi,beta,tau,S0,V0,modelname
Maat2016b,0.011767411589242618,1.537351706467144e-09,146.76716098009365,0.02852615688749676,744091.2506775664,3872166.861590869,four_i
