id,mu,phi,beta,tau,S0,V0,modelname
Maat2016a,0.5567055561134252,2.065092029160961e-05,3427.888763084056,4.136034592026116,131475.283603594,8853410.61541558,ten_i
