id,mu,phi,beta,tau,S0,V0,modelname
Maat2016a,0.07337211401902362,1.482863922192457e-06,1646.7229611928124,6.623389122173819,149574.358297547,6306764.590971738,five_i
