id,mu,phi,beta,tau,S0,V0,modelname
Maat2016b,0.021371950359208143,1.6302901426814594e-09,133.4843241437652,0.06462921189080024,691642.4499251242,4636145.418983123,six_i
