id,mu,phi,beta,tau,S0,V0,modelname
Maat2016a,0.006460580094496643,8.771417090872234e-10,569.6522424124361,0.02908909874577833,179671.0865452323,7907745.493775293,seven_i
