id,mu,phi,beta,tau,S0,V0,modelname
Maat2016a,0.02865196523556675,2.5578970914994865e-08,758.9910055850704,10.14356854803564,166646.04137173732,4584836.484695536,two_i
