id,mu,phi,beta,tau,S0,V0,modelname
Maat2016b,0.019611162817630652,1.6014879847099978e-09,125.88356322032907,0.18534498407685018,786572.9768995311,4189705.6864378415,one_i
