id,mu,phi,beta,tau,S0,V0,modelname
Maat2016b,0.014218824667551332,1.398754306932126e-09,159.83210464264545,0.02449715060705192,741799.2374104852,3974698.3288922934,seven_i
