id,mu,phi,beta,tau,S0,V0,modelname
Maat2016b,0.03976608641620495,1.0679423337683197e-08,119.9447551235484,4.650491070592953,808444.7815461433,4550981.147214842,two_i
