id,mu,phi,beta,tau,S0,V0,modelname
Maat2016b,0.015622981131059175,1.6366756243840623e-09,144.89200670836092,0.11252086338922075,733159.218738634,4700243.013737564,nine_i
