id,mu,phi,beta,tau,S0,V0,modelname
Nagasaki42,0.044725430635537466,3.373324930939789e-08,73.92560213805821,1.319644574028711,151088.45508212785,16800.90088735642,six_i
