id,mu,phi,beta,tau,S0,V0,modelname
Nagasaki29,0.05233745044593984,2.0811965849671455e-08,799.3851229316881,0.26633085452403205,1576.8663461247284,190575.0158107437,ten_i
