id,mu,phi,beta,tau,S0,V0,modelname
Nagasaki42,0.053150271301277384,1.0737632047654861e-08,59.31905085558844,2.2767446046395707,140961.60936042276,17945.55273849291,one_i
