id,mu,phi,beta,tau,S0,V0,modelname
Nagasaki29,0.06271686025450343,4.799225904443849e-08,672.3768455121048,2.9732757762260813,1461.6443341975855,189642.1533122388,three_i
