id,mu,phi,beta,tau,S0,V0,modelname
Nagasaki29,0.025133979142047805,3.272950131076536e-08,2904.6021918947226,2.048212812683811,1992.7790542156629,171235.87955213492,seven_i
