id,mu,phi,beta,tau,S0,V0,modelname
Nagasaki42,0.04368147222827084,8.188061268074547e-09,53.26455716746141,0.15874245647558438,181976.9859693387,17055.36368090138,four_i
