id,mu,phi,beta,H0,V0,modelname
Nagasaki42,0.048904582754385494,5.955100855342026e-09,64.26670562773987,158829.74309240363,17482.9723609186,zero_i
