id,mu,phi,beta,tau,S0,V0,modelname
Nagasaki29,0.056879728606541495,2.033947731379893e-08,532.1468451224852,0.25877176232346255,1804.2528447242837,172433.28950597148,four_i
