id,mu,phi,beta,tau,S0,V0,modelname
Nagasaki29,0.061158149267125594,2.7947815038924768e-08,416.5617195984216,0.2292786554292535,1576.8606483159015,175089.40032395924,nine_i
