id,mu,phi,beta,tau,S0,V0,modelname
Nagasaki42,0.04563373597934367,7.348047338087042e-09,61.122293746434295,0.04846152595521583,158150.61060505442,18487.463209689176,nine_i
