id,mu,phi,beta,tau,S0,V0,modelname
Nagasaki29,0.053948109328100555,1.9817543743498958e-08,830.5918023378741,2.3978358245179345,1529.9927303781574,186514.7219346119,one_i
