id,mu,phi,beta,tau,S0,V0,modelname
Nagasaki29,0.05819591255496885,1.7811513709733507e-08,662.0643874046718,0.3122158667708535,1414.4121763562932,165607.7127614436,two_i
