id,mu,phi,beta,tau,S0,V0,modelname
Nagasaki42,0.04435817335793189,1.4822766471059261e-08,55.02463146395553,1.8057803714939435,182439.16664610177,17805.30337640153,two_i
