id,mu,phi,beta,tau,S0,V0,modelname
Nagasaki42,0.04678039633060713,5.876649841900327e-09,80.3456236132396,0.005974388925995108,137054.09021642845,18258.86529414409,five_i
