id,mu,phi,beta,tau,S0,V0,modelname
Nagasaki42,0.038605989223857634,8.331184439808814e-09,73.45969009151398,0.14782650943613782,174786.39434582152,17277.93684340076,ten_i
