id,mu,phi,beta,tau,S0,V0,modelname
Nagasaki42,0.04383271886263424,5.90605658159985e-09,80.45132993676019,0.04526874227590161,151339.61449344872,17480.572528604123,three_i
