id,mu,phi,beta,tau,S0,V0,modelname
Nagasaki42,0.035595042003444155,3.498815048259939e-08,95.9412595798613,1.149012729608534,187178.71856517773,16815.07983594839,eight_i
