id,mu,phi,beta,H0,V0,modelname
Nagasaki29,0.06608419652294381,1.9313430568392156e-08,507.5584221719881,1233.0226785257673,200935.80213054878,zero_i
