id,mu,phi,beta,tau,S0,V0,modelname
Nagasaki42,0.04296448684626953,6.5124651290829946e-09,72.83904516198224,0.06002707214667633,165764.00422996256,16642.528252541084,seven_i
