id,mu,phi,beta,tau,S0,V0,modelname
Nagasaki29,0.05262096352787613,1.760086083565057e-08,884.0625611021123,0.2983168890538539,1493.743887410019,177304.22829993206,six_i
