id,mu,phi,beta,tau,S0,V0,modelname
Nagasaki29,0.05780398407267002,2.1715166163663835e-08,611.5889987494754,0.1473638458710867,1416.2897180915509,186280.7749375022,eight_i
