id,mu,phi,beta,tau,S0,V0,modelname
Nagasaki29,0.05280069820275002,1.9098024934005765e-08,881.8638672686169,0.5147528687981163,1476.050753216382,177865.74652069272,five_i
