id,mu,phi,beta,tau,S0,V0,modelname
Nissimov2020a,0.011895682580637454,5.374360479903695e-10,25.073102915552855,0.6528993133339885,3102029.878550085,3665677.4045509426,five_i
