id,mu,phi,beta,tau,S0,V0,modelname
Nissimov2020a,0.016932275876137052,2.3605726217367004e-09,32.90412244194467,8.162309044032682,2793157.674882416,4570943.942757112,four_i
