id,mu,phi,beta,tau,S0,V0,modelname
Nissimov2020a,0.016124564821375222,5.78380983801131e-10,20.28667684493335,1.2703579395499798,2753508.6931279204,3765066.4155428414,one_i
