id,mu,phi,beta,tau,S0,V0,modelname
Nissimov2020a,0.0002399179303637517,3.7677051337714443e-10,63.0458932341555,1.6814161424020593,3553154.588714649,3588885.983247292,six_i
