id,mu,phi,beta,tau,S0,V0,modelname
Nissimov2020a,0.013979154903894156,5.606894300571918e-10,23.9039507329617,0.3666612069819181,2859698.098479909,4002295.0526242326,ten_i
