id,mu,phi,beta,tau,S0,V0,modelname
Nissimov2020a,0.010181073797118809,1.5312314028657752e-09,38.742583485376734,4.1799529752273825,3070920.8194682086,4672410.347427495,seven_i
