id,mu,phi,beta,tau,S0,V0,modelname
Nissimov2020a,0.019269239307128896,2.4251394586003345e-09,31.254962711510395,10.558643752432415,2698048.455923767,4172318.823783071,three_i
