id,mu,phi,beta,H0,V0,modelname
Nissimov2020a,0.014622721438094866,5.285918564514485e-10,20.808496774959682,2982190.617318586,3504052.96519864,zero_i
