id,mu,phi,beta,tau,S0,V0,modelname
Nissimov2020a,0.025414625490895983,6.368539093859104e-09,42.47092437754143,5.952375566640207,2425636.2593209296,5258539.071001106,eight_i
