id,mu,phi,beta,tau,S0,V0,modelname
Nissimov2020a,0.020057877396938855,1.8970903721644243e-09,26.002118641003158,12.849029331796567,2808011.7522952664,4130777.1529792217,two_i
