id,mu,phi,beta,tau,S0,V0,modelname
Nissimov2020a,0.02052529705020271,5.122890296657759e-09,42.35864846884862,5.165653150061797,2611183.115092789,5492955.592128641,nine_i
