id,mu,phi,beta,tau,S0,V0,modelname
Sandaa26,0.051824992535857504,3.8595752027885266e-10,392.6199245686047,0.1573324191017257,353191.91746178677,87058679.12574531,seven_i
