id,mu,phi,beta,tau,S0,V0,modelname
Sandaa26,0.0661310066635861,4.868168057135054e-10,250.56816873147318,0.23365651863724812,386499.4169637015,93327276.00823353,three_i
