id,mu,phi,beta,tau,S0,V0,modelname
Sandaa26,0.06065386293373179,4.4535409972309605e-10,333.2821660165153,0.14760142021612166,334199.3670671197,85763558.57901098,eight_i
