id,mu,phi,beta,tau,S0,V0,modelname
Sandaa26,0.16476197992333197,7.593621065186393e-09,1.9455280974264528,3.607927508408727,324843.8760525781,199051711.34733215,nine_i
