id,mu,phi,beta,tau,S0,V0,modelname
Sandaa26,0.054521180915279306,4.097866664336563e-10,309.8765779596314,0.044485284663574216,360891.40035605576,90954907.70294389,ten_i
