id,mu,phi,beta,tau,S0,V0,modelname
Sandaa26,0.04090133046967549,4.029298523597101e-10,499.9157770988245,1.7342570366391403,363428.86076184956,81315995.81184894,two_i
