id,mu,phi,beta,tau,S0,V0,modelname
Sandaa26,0.023752373110820197,3.121422104688851e-10,664.1215432261325,0.60220107195687,381663.86183309363,86110465.65381947,six_i
