id,mu,phi,beta,tau,S0,V0,modelname
Sandaa26,0.19146329105830198,5.55600273960869e-08,1242.0886496126607,5.9395389843432165,405890.3072356814,93221583.65161674,five_i
