id,mu,phi,beta,H0,V0,modelname
Sandaa26,0.08767993187393347,5.404265256889101e-10,208.69799703551914,333223.9681214852,93583604.36470227,zero_i
