id,mu,phi,beta,tau,S0,V0,modelname
Sandaa26,1.0184165920761874,1.2932661597700624e-06,22.505769106092437,7.244343464269426,431343.89932579227,203138508.12487906,four_i
