id,mu,phi,beta,tau,S0,V0,modelname
Sandaa26,0.3029056102977873,6.677043333804393e-09,468.7585692380006,20.7434712664335,362013.59749988327,86707116.03228784,one_i
