id,mu,phi,beta,H0,V0,modelname
Slagter2016,0.09609527261123785,6.120045176538216e-10,242.08001580457545,626447.8242905547,17639950.695216425,zero_i
