id,mu,phi,beta,tau,S0,V0,modelname
Slagter2016,0.057318671306316814,1.3596756388984804e-09,398.2880519239768,1.3395926324235694,737043.6441143758,25764140.828388833,five_i
