id,mu,phi,beta,tau,S0,V0,modelname
Slagter2016,0.0811782019508331,1.0510642044610198e-09,275.00428448856843,1.700997818312442,644924.2509223941,21602607.03878147,two_i
