id,mu,phi,beta,tau,S0,V0,modelname
Slagter2016a,0.07202112273438266,2.270990868692633e-09,27.918679894886818,0.0155342825096192,678431.9832383533,5241972.6248172745,five_i
