id,mu,phi,beta,tau,S0,V0,modelname
Slagter2016a,0.03200953650679914,3.0729515001290665e-09,70.38588287530762,1.1757523346699208,954123.034110262,6283645.518925121,eight_i
