id,mu,phi,beta,tau,S0,V0,modelname
Slagter2016,0.2975761590462721,1.3539813248393713e-08,218.32277432697623,2.2828463907583303,671821.7858984428,16606575.37119732,four_i
