id,mu,phi,beta,tau,S0,V0,modelname
Slagter2016a,0.04682880156683996,2.8079179926872777e-09,49.69320393170606,1.911755343752653,865191.5367138549,5180739.034259608,three_i
