id,mu,phi,beta,tau,S0,V0,modelname
Slagter2016a,0.007596166405330612,2.8419235885195267e-09,69.65326768851716,1.641067308389945,1428488.9404422783,5898558.338084184,six_i
