id,mu,phi,beta,tau,S0,V0,modelname
Slagter2016a,0.062010620194727625,7.431096331227947e-09,44.380094900729645,1.9684259741972268,904193.2042580978,6911185.708333455,seven_i
