id,mu,phi,beta,tau,S0,V0,modelname
Slagter2016,0.07454803455939334,7.052571280561055e-10,331.57123574021693,1.9849823151933432,699141.5881294719,19620649.419809595,one_i
