id,mu,phi,beta,tau,S0,V0,modelname
Slagter2016a,0.06772093757301606,3.4714389529945947e-09,32.0399355717751,2.305709945937539,722858.1877620866,5879619.004281193,two_i
