id,mu,phi,beta,tau,S0,V0,modelname
Slagter2016,0.03820570935209468,6.594498572398638e-10,539.2970839609907,0.6534810569765658,809543.3618607408,19461942.953192722,six_i
