id,mu,phi,beta,tau,S0,V0,modelname
Slagter2016a,0.04711796212405358,3.029525009905093e-09,52.78773441591701,1.7476861502165602,820576.5219985683,6295456.052310573,four_i
