id,mu,phi,beta,H0,V0,modelname
Slagter2016a,0.07343393796250165,2.2272834361553905e-09,26.791755085719913,715589.4019084803,5277113.443662976,zero_i
