id,mu,phi,beta,tau,S0,V0,modelname
Slagter2016,0.21841993005492766,1.5320674741939777e-08,417.11535807830205,1.390024719380404,754060.8156138377,23394854.27184332,ten_i
