id,mu,phi,beta,tau,S0,V0,modelname
Slagter2016a,0.07005334153987743,2.7151617362145707e-09,29.159313200722412,2.3436325708678845,748992.2483872557,5382106.640958831,one_i
