id,mu,phi,beta,tau,S0,V0,modelname
Slagter2016,0.3791883101422382,2.8353074145925496e-08,345.0038042201419,1.8250830545116663,720389.6623532233,18603748.020850323,seven_i
