id,mu,phi,beta,tau,S0,V0,modelname
Slagter2016,0.10703290916453058,6.5525703904997765e-09,505.51562006664074,1.4943392742565478,787375.8519118114,22448759.7399591,eight_i
