id,mu,phi,beta,tau,S0,V0,modelname
Slagter2016a,0.04246634586076503,5.2213217922115875e-09,68.48595196937234,1.47278809240889,885503.1186535415,6559727.853063114,nine_i
