id,mu,phi,beta,tau,S0,V0,modelname
Slagter2016a,0.03397054529261723,3.835793770213908e-09,67.08142386707743,1.1040138119436498,951288.5886102705,6402366.282416342,ten_i
