id,mu,phi,beta,tau,S0,V0,modelname
Slagter2016,0.08103201522102446,6.40990081201839e-10,271.0355766113055,0.07976453149998668,691080.8252265855,17503468.28899933,nine_i
