id,mu,phi,beta,tau,S0,V0,modelname
Slagter2016,0.1021915123503092,6.896014032310412e-10,205.0373715947181,0.04138504102617975,611863.8675287339,18738026.232579406,three_i
