id,mu,phi,beta,tau,S0,V0,modelname
Steenhauer2016,0.15751792832748354,3.29494883307761e-09,2607.9537707100803,0.8527419609483387,9303.939506374561,3653248.2383532976,ten_i
