id,mu,phi,beta,tau,S0,V0,modelname
Steenhauer2016,0.12497040657080545,6.724520157241442e-10,6223.824428845708,1.1104777919941302,8617.98373806759,4206654.36267237,four_i
