id,mu,phi,beta,tau,S0,V0,modelname
Steenhauer2016,0.1384804382545988,1.3009632016295777e-09,3216.840158877873,0.8353971271931578,9013.08607306287,5841516.647687006,seven_i
