id,mu,phi,beta,tau,S0,V0,modelname
Steenhauer2016,0.146110800844582,1.3120257350968544e-09,2815.2417482578453,1.0123987539712345,7576.0070363411205,4718473.2530927295,five_i
