id,mu,phi,beta,tau,S0,V0,modelname
Steenhauer2016,0.1244719052896097,2.722959784065477e-10,2732.3147784334155,0.015732821715051568,11224.175560563484,7055009.346252568,nine_i
