id,mu,phi,beta,tau,S0,V0,modelname
Steenhauer2016,0.11337957424280028,2.868526526580346e-10,3634.46245436736,0.04796185915112409,12086.531537825065,6768783.281007886,eight_i
