id,mu,phi,beta,H0,V0,modelname
Steenhauer2016,0.12415658137167042,3.339775617960292e-10,2204.835416747817,11568.574193293165,6275555.75570889,zero_i
