id,mu,phi,beta,tau,S0,V0,modelname
Steenhauer2016,0.1298413840997342,3.186544209280982e-10,2279.0614906206897,0.06902561998255805,9855.870074224184,6965722.473937407,one_i
