id,mu,phi,beta,tau,S0,V0,modelname
Steenhauer2016,0.14027423627658064,7.963463648921177e-10,3784.418751284366,1.247210982636846,7635.683504452327,3994612.5180566865,three_i
