id,mu,phi,beta,tau,S0,V0,modelname
Steenhauer2016,0.6476072692802327,3.4106089457935445e-08,328.68881027815246,4.273838580075397,11807.235486515781,6363391.659325723,two_i
