id,mu,phi,beta,tau,S0,V0,modelname
Steenhauer2016,0.14352520653715858,1.1542241747758616e-09,4690.009988959781,0.9899703709685418,8550.874719715499,4087737.3826602604,six_i
