id,mu,phi,beta,tau,S0,V0,modelname
Tomaru39,0.013679743191299519,3.0028036864075886e-08,4.470140571088184,29.46349848953686,129085.18810155637,2589346.954262434,four_i
