id,mu,phi,beta,H0,V0,modelname
Tomaru57,0.017074737294729202,6.81236536282093e-10,1440.9538882345262,15375.647510039184,3181822.546050986,zero_i
