id,mu,phi,beta,tau,S0,V0,modelname
Tomaru39,0.027815736746251273,1.506194521999303e-08,1.2395920398112734,4.194102879011723,118329.78621717398,2620929.6642021285,seven_i
