id,mu,phi,beta,tau,S0,V0,modelname
Tomaru43,0.06347168340389475,1.2680144446437721e-08,468.553802937854,6.036557955175211,51606.70995187213,1793843.601247847,ten_i
