id,mu,phi,beta,tau,S0,V0,modelname
Tomaru56,0.8732082855693166,1.0974435639475083e-07,212.401202383196,15.71057126801795,14803.898607585963,8335711.273768057,five_i
