id,mu,phi,beta,tau,S0,V0,modelname
Tomaru56,0.20990882207037992,2.8547889319154682e-08,379.2179639917162,11.34319745881282,13813.737884621805,7226289.356922808,seven_i
