id,mu,phi,beta,tau,S0,V0,modelname
Tomaru57,0.018980078219585826,2.6794249015010046e-09,3416.6363908460617,4.90933098792168,13689.250241179212,3723548.0659671975,ten_i
