id,mu,phi,beta,H0,V0,modelname
Tomaru51,0.019399770786022633,4.3798213395130287e-10,4047.8154741082762,7000.091845302005,1214425.4630082604,zero_i
