id,mu,phi,beta,tau,S0,V0,modelname
Tomaru43,0.06143119984672072,9.86296744888895e-09,383.12869471577176,7.682583190104751,44456.08766871314,1701911.8094812182,seven_i
