id,mu,phi,beta,tau,S0,V0,modelname
Tomaru57,0.02327913522702485,1.1865161847935415e-09,756.2367635648982,0.23754635779570796,12832.46635138734,3357092.7141354918,eight_i
