id,mu,phi,beta,tau,S0,V0,modelname
Tomaru57,0.017803234480042465,7.737243585438865e-10,1219.1185592154925,0.15131617786689455,15177.255395868255,3247564.9674989395,four_i
