id,mu,phi,beta,tau,S0,V0,modelname
Tomaru56,0.06373503276174736,2.876880616886489e-09,41.34651059305953,0.36571816622484316,19174.225395292044,11547959.509613795,nine_i
