id,mu,phi,beta,tau,S0,V0,modelname
Tomaru57,0.01503003738199332,5.730413044679914e-10,2126.1372997265203,0.17151887233306184,13995.576744902812,2829371.144142373,seven_i
