id,mu,phi,beta,tau,S0,V0,modelname
Tomaru43,0.014371234254017744,1.5641073339900733e-10,1032.4528003990088,0.4273061776593543,118383.40099992504,1634503.557570009,four_i
