id,mu,phi,beta,tau,S0,V0,modelname
Tomaru57,0.019670469241670766,9.473665757112932e-10,945.0515353833249,0.3423125430155918,15029.18256272717,2982026.4331389833,two_i
