id,mu,phi,beta,tau,S0,V0,modelname
Tomaru51,0.017407132762001072,3.4152570260295963e-10,6213.354348571708,0.04300602922752689,6963.833361906425,1143617.0340807044,ten_i
