id,mu,phi,beta,tau,S0,V0,modelname
Tomaru51,0.9092817595954077,2.848829387069297e-07,166.85086558636297,8.033757222227116,4762.2975875274815,3180627.224135972,eight_i
