id,mu,phi,beta,tau,S0,V0,modelname
Tomaru56,0.2787801185535289,1.5008892862609007e-08,6.498166058268209,11.932142643732405,16206.80263421446,20513454.71636758,six_i
