id,mu,phi,beta,tau,S0,V0,modelname
Tomaru43,0.0640572210574624,1.1597757640017917e-08,434.4318706943903,6.45982374179091,48953.5193122308,1829991.383900597,nine_i
