id,mu,phi,beta,tau,S0,V0,modelname
Tomaru57,0.02171442849144035,1.568823499302491e-09,1612.4958692485823,20.939021484984956,14595.368110006602,2916683.1241673375,one_i
