id,mu,phi,beta,tau,S0,V0,modelname
Tomaru43,0.01725591462891589,3.3774322196511673e-10,379.709538995138,0.595963411793986,131493.7084502844,1943965.5600435326,eight_i
