id,mu,phi,beta,tau,S0,V0,modelname
Tomaru39,0.011339230331923314,2.057835140796e-08,2.0199398750960693,9.665190836000683,123334.5049696191,2637677.0359269846,ten_i
