id,mu,phi,beta,tau,S0,V0,modelname
Tomaru51,0.01711601394864369,3.40604500107712e-10,7115.8520564554565,0.4301662249244446,7051.308807257249,970632.4730792071,three_i
