id,mu,phi,beta,tau,S0,V0,modelname
Tomaru51,0.03410398245178649,3.284621001795116e-09,4835.873814290336,18.318616134633075,5062.619001493848,861275.5940977624,two_i
