id,mu,phi,beta,tau,S0,V0,modelname
Tomaru51,0.01913559340233945,4.854796030475651e-10,4222.811204538369,0.30351443705914616,7300.471961036658,1075272.4747233456,seven_i
