id,mu,phi,beta,tau,S0,V0,modelname
Tomaru57,0.07209599543660389,2.5240291238451127e-08,2812.7927047192074,14.755768416095677,10550.177387613192,2630212.5013976125,five_i
