id,mu,phi,beta,tau,S0,V0,modelname
Tomaru56,0.1510525223972368,1.3899585671400477e-08,88.90548529652894,29.072796229641746,9587.074812365503,4732057.37228754,one_i
