id,mu,phi,beta,tau,S0,V0,modelname
Tomaru56,0.18658413607090207,2.641102919905426e-08,224.8103358471396,19.01310372660856,11756.461367390477,5239736.999010642,three_i
