id,mu,phi,beta,tau,S0,V0,modelname
Tomaru39,0.027743691691494148,1.3532500584262908e-08,0.6971283845509766,17.636070746445434,124329.35037802979,2682327.116260908,one_i
