id,mu,phi,beta,H0,V0,modelname
Tomaru43,0.02356259628268325,3.752842137100433e-10,214.66731285931354,102065.05264079884,2351335.08738543,zero_i
