id,mu,phi,beta,tau,S0,V0,modelname
Tomaru57,0.015613440795379388,6.773856978401317e-10,1627.0982898777304,0.21233859060513982,15284.678389336264,3022236.277940281,three_i
