id,mu,phi,beta,tau,S0,V0,modelname
Tomaru51,0.031500653901887984,1.7363244712897652e-09,3942.4145690783575,24.60447338360362,5042.955308081484,875508.7204107512,one_i
