id,mu,phi,beta,tau,S0,V0,modelname
Tomaru39,0.20570444874281693,1.1796265837809678e-06,4.179255769089782,109.5931107787645,135406.49952808692,2603135.200924962,two_i
