id,mu,phi,beta,tau,S0,V0,modelname
Tomaru39,0.041840564693505514,1.635643607903712e-08,1.320857980690519,0.1254161855851588,140082.17497119642,2670109.588200308,eight_i
