id,mu,phi,beta,tau,S0,V0,modelname
Tomaru56,0.057452020295979414,2.2369686537297573e-09,48.88424878751755,0.030640368489909774,18799.2490257952,11511842.183781154,two_i
