id,mu,phi,beta,tau,S0,V0,modelname
Tomaru39,0.15597194378897034,6.320983400113259e-07,62.20136215852626,57.32164920750173,119318.6756292033,2654147.2541214116,nine_i
