id,mu,phi,beta,tau,S0,V0,modelname
Tomaru43,0.051881324615080285,5.525119978128301e-09,427.54776180590767,8.099519035294534,50295.81029086463,1859435.5471877183,six_i
