id,mu,phi,beta,tau,S0,V0,modelname
Tomaru57,0.6047101609379079,2.5899611647210744e-07,2009.918875223468,10.425229943832809,11006.861708647635,2963050.558495759,nine_i
