id,mu,phi,beta,tau,S0,V0,modelname
Tomaru39,0.05381385570212161,9.37055520128361e-08,2.003245246422676,42.70591931223784,125866.75534237521,2682350.942662149,three_i
