id,mu,phi,beta,tau,S0,V0,modelname
Tomaru51,0.02022141048492683,5.134651178362492e-10,4667.205788794277,0.8960679400070242,6116.902125181798,1194453.1259945214,five_i
