id,mu,phi,beta,tau,S0,V0,modelname
Tomaru43,0.046921333615426504,3.490209090764268e-09,418.34836181362954,8.260236394076726,50461.18881916356,1967537.5308060395,five_i
