id,mu,phi,beta,tau,S0,V0,modelname
Tomaru51,0.041784913391120664,7.755924407349418e-09,5770.031194298307,12.586022500905946,4550.288495033515,858813.1868209578,four_i
