id,mu,phi,beta,tau,S0,V0,modelname
Tomaru51,0.019374716856985264,5.189290807615144e-10,4861.110633943545,0.3861961711527902,5975.3647326994305,1181805.0040749053,nine_i
