id,mu,phi,beta,H0,V0,modelname
Tomaru56,0.095217078859975,3.963773375606289e-09,13.242105580709667,29468.24905997727,15356399.923352158,zero_i
