id,mu,phi,beta,tau,S0,V0,modelname
Tomaru43,0.01890242192245495,4.0834017468844885e-10,188.84489886731015,0.3189122049253582,169038.378654706,1870578.640937281,three_i
