id,mu,phi,beta,tau,S0,V0,modelname
Tomaru51,0.01923538063738125,5.546883836208697e-10,3172.3563978725297,0.26000734540643644,8088.963778851849,1157941.5963505413,six_i
