id,mu,phi,beta,tau,S0,V0,modelname
Tomaru39,0.01934067423634933,4.1066184125346646e-08,3.460098851719194,19.994735943505955,124278.56036325486,2595202.3449218646,six_i
