id,mu,phi,beta,tau,S0,V0,modelname
Tomaru56,0.06722409181005562,3.1460317664502317e-09,42.29767327330375,0.419979421443046,17610.971413345367,11890879.15982282,ten_i
