id,mu,phi,beta,tau,S0,V0,modelname
Tomaru43,0.042406203192867455,1.3310488051388543e-09,167.84824728742245,16.512159922947664,56357.200830357375,1677586.1909094108,one_i
