id,mu,phi,beta,tau,S0,V0,modelname
Tomaru39,0.008145448206884797,8.11500588406097e-09,2.9292417966318807,11.348618265551767,131828.39467217354,2553010.3348546657,five_i
