id,mu,phi,beta,tau,S0,V0,modelname
Tomaru43,0.04750355711580884,2.1252523903374264e-09,205.6134604406807,12.741451493557982,49968.918254603144,1759806.4033984074,two_i
