id,mu,phi,beta,H0,V0,modelname
Tomaru39,0.0014587736398213303,1.469534464116613e-09,2.88133514605183,146765.21273668026,2614348.1960094464,zero_i
