id,mu,phi,beta,tau,S0,V0,modelname
Tomaru56,0.17431216950270817,1.636640161221962e-08,176.0344657485538,8.796638025445066,14477.196593255205,10108137.184015412,eight_i
