id,mu,phi,beta,tau,S0,V0,modelname
Tomaru57,0.04923855735395805,1.8151512233707695e-08,3265.056955347173,12.094452603415908,11823.012934002316,2460900.872736098,six_i
