id,mu,phi,beta,tau,S0,V0,modelname
Tomaru56,0.07734446033511068,3.8003804834601835e-09,24.68319475752676,0.47880258643442636,18407.269212784442,11562358.758785468,four_i
