id,mu,phi,beta,tau,S0,V0,modelname
Toyoda53,0.05060752901677733,4.79852011937073e-08,149.70165577150163,4.132409168964079,120395.92650072664,359383.4452208128,five_i
