id,mu,phi,beta,tau,S0,V0,modelname
Toyoda53,0.05967034617393885,1.0194547190143452e-07,224.38207581632363,3.4343002875250783,101647.8396822365,415990.17797357327,eight_i
