id,mu,phi,beta,tau,S0,V0,modelname
Toyoda53,0.01654199139666962,3.7089717841559396e-08,334.03583711158296,2.9400681152003347,140597.31747692655,469245.83366203896,nine_i
