id,mu,phi,beta,tau,S0,V0,modelname
Toyoda53,0.024367888354203834,3.1449880268721195e-09,174.6602375715774,0.07674371661786919,120174.70167587008,376986.49591731164,seven_i
