id,mu,phi,beta,H0,V0,modelname
Toyoda53,0.02916433656259469,3.783512789294035e-09,123.90341501916583,117437.56437248853,395123.11941815156,zero_i
