id,mu,phi,beta,tau,S0,V0,modelname
Toyoda53,0.02353380507744016,2.9431307775050323e-09,202.653177847548,0.07339879676286962,112200.40136453386,376483.3830401836,six_i
