id,mu,phi,beta,tau,S0,V0,modelname
Toyoda53,0.0345058258909937,6.537723964894035e-09,148.5956204634889,6.051496674718236,111663.06586557777,360617.8494662629,one_i
