id,mu,phi,beta,tau,S0,V0,modelname
Toyoda53,0.037123071970249485,1.3663210453343012e-08,203.0703694998112,4.542174983117999,98710.6190321458,388456.8898351231,three_i
