id,mu,phi,beta,tau,S0,V0,modelname
Toyoda53,0.022709031414434155,3.032248132372736e-09,189.50312893547692,0.2475218352781472,123181.49408391381,409438.7081498744,four_i
