id,mu,phi,beta,tau,S0,V0,modelname
Toyoda53,0.03693101239848073,1.1092830566305563e-08,165.70837916802466,5.253557489962425,101962.81966588389,329833.44656051917,two_i
