id,mu,phi,beta,tau,S0,V0,modelname
Toyoda53,0.08574807664558703,2.194220363286133e-07,236.63511816356632,3.1493867737047934,97082.09088913824,448990.05643716146,ten_i
